result,execution_time
2167,0.090007
2167,0.089179
2167,0.089663
2167,0.090108
2167,0.090327
2167,0.089644
2167,0.089424
2167,0.089665
2167,0.091134
2167,0.089799
2167,0.090306
2167,0.088892
2167,0.089662
2167,0.089411
2167,0.087874
2167,0.089050
2167,0.089722
2167,0.088959
2167,0.090706
2167,0.089251
2167,0.089980
2167,0.089907
2167,0.089924
2167,0.090555
2167,0.089488
2167,0.090238
2167,0.089594
2167,0.089153
2167,0.089034
2167,0.088915
