result,execution_time
2167,0.088387
2167,0.087426
2167,0.088211
2167,0.088279
2167,0.087831
2167,0.088801
2167,0.087862
2167,0.088142
2167,0.087697
2167,0.087983
2167,0.089502
2167,0.090798
2167,0.088188
2167,0.089067
2167,0.089451
2167,0.087938
2167,0.088375
2167,0.089340
2167,0.088851
2167,0.088861
2167,0.088455
2167,0.088555
2167,0.088466
2167,0.088589
2167,0.088600
2167,0.089515
2167,0.087610
2167,0.087675
2167,0.089497
2167,0.089661
